"Longitude (x)","Latitude (y)","Station Name","Climate ID","Date/Time","Year","Month","Day","Data Quality","Max Temp (°C)","Max Temp Flag","Min Temp (°C)","Min Temp Flag","Mean Temp (°C)","Mean Temp Flag","Heat Deg Days (°C)","Heat Deg Days Flag","Cool Deg Days (°C)","Cool Deg Days Flag","Total Rain (mm)","Total Rain Flag","Total Snow (cm)","Total Snow Flag","Total Precip (mm)","Total Precip Flag","Snow on Grnd (cm)","Snow on Grnd Flag","Dir of Max Gust (10s deg)","Dir of Max Gust Flag","Spd of Max Gust (km/h)","Spd of Max Gust Flag"
"-123.43","48.65","VICTORIA INTL A","1018621","2019-01-01","2019","01","01","","5.5","","1.1","","3.3","","14.7","","0.0","","0.0","","0.0","","0.0","","","","","M","","M"
"-123.43","48.65","VICTORIA INTL A","1018621","2019-01-02","2019","01","02","","6.6","","1.1","","3.9","","14.1","","0.0","","7.8","","0.0","","7.8","","","","","M","","M"
"-123.43","48.65","VICTORIA INTL A","1018621","2019-01-03","2019","01","03","","9.1","","6.4","","7.8","","10.2","","0.0","","48.2","","0.0","","48.2","","","","15","","50",""
"-123.43","48.65","VICTORIA INTL A","1018621","2019-01-04","2019","01","04","","11.4","","6.3","","8.9","","9.1","","0.0","","7.2","","0.0","","7.2","","","","20","","52",""
"-123.43","48.65","VICTORIA INTL A","1018621","2019-01-05","2019","01","05","","8.3","","4.4","","6.4","","11.6","","0.0","","1.6","","0.0","","1.6","","","","","M","","M"
"-123.43","48.65","VICTORIA INTL A","1018621","2019-01-06","2019","01","06","","7.3","","1.5","","4.4","","13.6","","0.0","","9.4","","0.0","","9.4","","","","25","","68",""
"-123.43","48.65","VICTORIA INTL A","1018621","2019-01-07","2019","01","07","","6.5","","-1.7","","2.4","","15.6","","0.0","","0.0","","0.0","","0.0","","","","","","","M"
"-123.43","48.65","VICTORIA INTL A","1018621","2019-01-08","2019","01","08","","6.0","","2.9","","4.5","","13.5","","0.0","","3.2","","0.0","","3.2","","","","5","","58",""
"-123.43","48.65","VICTORIA INTL A","1018621","2019-01-09","2019","01","09","","9.8","","3.0","","6.4","","11.6","","0.0","","2.4","","0.0","","2.4","","","","14","","54",""
"-123.43","48.65","VICTORIA INTL A","1018621","2019-01-10","2019","01","10","","10.6","","7.2","","8.9","","9.1","","0.0","","1.4","","0.0","","1.4","","","","13","","35",""
"-123.43","48.65","VICTORIA INTL A","1018621","2019-01-11","2019","01","11","","10.5","","3.0","","6.8","","11.2","","0.0","","0.0","","0.0","","0.0","","","","","M","","M"
"-123.43","48.65","VICTORIA INTL A","1018621","2019-01-12","2019","01","12","","10.4","","1.4","","5.9","","12.1","","0.0","","0.0","","0.0","","0.0","","","","","M","","M"
"-123.43","48.65","VICTORIA INTL A","1018621","2019-01-13","2019","01","13","","11.3","","0.4","","5.9","","12.1","","0.0","","0.0","","0.0","","0.0","","","","","M","","M"
"-123.43","48.65","VICTORIA INTL A","1018621","2019-01-14","2019","01","14","","9.7","","-1.2","","4.3","","13.7","","0.0","","0.0","","0.0","","0.0","","","","","M","","M"
"-123.43","48.65","VICTORIA INTL A","1018621","2019-01-15","2019","01","15","","7.4","","-1.2","","3.1","","14.9","","0.0","","0.0","","0.0","","0.0","","","","","M","","M"
"-123.43","48.65","VICTORIA INTL A","1018621","2019-01-16","2019","01","16","","7.7","","-0.4","","3.7","","14.3","","0.0","","0.0","","0.0","","0.0","","","","","M","","M"
"-123.43","48.65","VICTORIA INTL A","1018621","2019-01-17","2019","01","17","","10.9","","1.6","","6.3","","11.7","","0.0","","6.0","","0.0","","6.0","","","","14","","45",""
"-123.43","48.65","VICTORIA INTL A","1018621","2019-01-18","2019","01","18","","9.7","","7.1","","8.4","","9.6","","0.0","","5.4","","0.0","","5.4","","","","14","","48",""
"-123.43","48.65","VICTORIA INTL A","1018621","2019-01-19","2019","01","19","","10.5","","2.7","","6.6","","11.4","","0.0","","4.6","","0.0","","4.6","","","","21","","59",""
"-123.43","48.65","VICTORIA INTL A","1018621","2019-01-20","2019","01","20","","8.5","","-0.3","","4.1","","13.9","","0.0","","0.6","","0.0","","0.6","","","","31","","33",""
"-123.43","48.65","VICTORIA INTL A","1018621","2019-01-21","2019","01","21","","7.3","","-0.5","","3.4","","14.6","","0.0","","0.0","","0.0","","0.0","","","","","M","","M"
"-123.43","48.65","VICTORIA INTL A","1018621","2019-01-22","2019","01","22","","7.2","","2.1","","4.7","","13.3","","0.0","","21.6","","0.0","","21.6","","","","14","","45",""
"-123.43","48.65","VICTORIA INTL A","1018621","2019-01-23","2019","01","23","","9.0","","3.0","","6.0","","12.0","","0.0","","4.9","","0.0","","4.9","","","","17","","39",""
"-123.43","48.65","VICTORIA INTL A","1018621","2019-01-24","2019","01","24","","7.7","","5.1","","6.4","","11.6","","0.0","","0.0","","0.0","","0.0","","","","","M","","M"
"-123.43","48.65","VICTORIA INTL A","1018621","2019-01-25","2019","01","25","","8.9","","1.7","","5.3","","12.7","","0.0","","0.0","","0.0","","0.0","","","","","M","","M"
"-123.43","48.65","VICTORIA INTL A","1018621","2019-01-26","2019","01","26","","7.9","","3.3","","5.6","","12.4","","0.0","","0.0","","0.0","","0.0","","","","","M","","M"
"-123.43","48.65","VICTORIA INTL A","1018621","2019-01-27","2019","01","27","","7.2","","2.0","","4.6","","13.4","","0.0","","0.0","","0.0","","0.0","","","","","M","","M"
"-123.43","48.65","VICTORIA INTL A","1018621","2019-01-28","2019","01","28","","9.6","","0.8","","5.2","","12.8","","0.0","","0.0","","0.0","","0.0","","","","","M","","M"
"-123.43","48.65","VICTORIA INTL A","1018621","2019-01-29","2019","01","29","","8.7","","-0.8","","4.0","","14.0","","0.0","","0.0","","0.0","","0.0","","","","","M","","M"
"-123.43","48.65","VICTORIA INTL A","1018621","2019-01-30","2019","01","30","","7.2","","-1.3","","3.0","","15.0","","0.0","","0.0","","0.0","","0.0","","","","","M","","M"
"-123.43","48.65","VICTORIA INTL A","1018621","2019-01-31","2019","01","31","","8.3","","2.8","","5.6","","12.4","","0.0","","1.4","","0.0","","1.4","","","","","M","","M"
"-123.43","48.65","VICTORIA INTL A","1018621","2019-02-01","2019","02","01","","9.3","","5.4","","7.4","","10.6","","0.0","","12.6","","0.0","","12.6","","","","22","","33",""
"-123.43","48.65","VICTORIA INTL A","1018621","2019-02-02","2019","02","02","","7.0","","-0.1","","3.5","","14.5","","0.0","","0.0","T","0.0","","0.0","T","","","","M","","M"
"-123.43","48.65","VICTORIA INTL A","1018621","2019-02-03","2019","02","03","","4.2","","-4.5","","-0.2","","18.2","","0.0","","0.4","","0.0","T","0.4","","","","24","","58",""
"-123.43","48.65","VICTORIA INTL A","1018621","2019-02-04","2019","02","04","","-0.5","","-4.9","","-2.7","","20.7","","0.0","","0.0","","0.6","","0.6","","1","","6","","39",""
"-123.43","48.65","VICTORIA INTL A","1018621","2019-02-05","2019","02","05","","1.8","","-7.1","","-2.7","","20.7","","0.0","","0.0","","0.0","","0.0","","0","T","","M","","M"
"-123.43","48.65","VICTORIA INTL A","1018621","2019-02-06","2019","02","06","","2.4","","-5.3","","-1.5","","19.5","","0.0","","0.0","","0.0","","0.0","","","","","M","","M"
"-123.43","48.65","VICTORIA INTL A","1018621","2019-02-07","2019","02","07","","3.2","","-5.1","","-1.0","","19.0","","0.0","","0.0","","0.0","","0.0","","","","","M","","M"
"-123.43","48.65","VICTORIA INTL A","1018621","2019-02-08","2019","02","08","","1.3","","-2.0","","-0.4","","18.4","","0.0","","0.0","","5.2","","5.2","","3","E","6","","61",""
"-123.43","48.65","VICTORIA INTL A","1018621","2019-02-09","2019","02","09","","0.5","","-2.9","","-1.2","","19.2","","0.0","","0.0","","0.2","","0.2","","4","","3","","68",""
"-123.43","48.65","VICTORIA INTL A","1018621","2019-02-10","2019","02","10","","1.1","","-6.8","","-2.9","","20.9","","0.0","","0.0","","16.0","","16.0","","2","","4","","50",""
"-123.43","48.65","VICTORIA INTL A","1018621","2019-02-11","2019","02","11","","-1.1","","-3.2","","-2.2","","20.2","","0.0","","0.0","","26.4","","26.9","","21","","8","","41",""
"-123.43","48.65","VICTORIA INTL A","1018621","2019-02-12","2019","02","12","","1.7","","-1.3","","0.2","","17.8","","0.0","","0.0","","9.5","","9.9","","47","","","M","","M"
"-123.43","48.65","VICTORIA INTL A","1018621","2019-02-13","2019","02","13","","3.6","","-6.1","","-1.3","","19.3","","0.0","","0.0","","2.4","","2.4","","46","","","M","","M"
"-123.43","48.65","VICTORIA INTL A","1018621","2019-02-14","2019","02","14","","2.1","","-7.2","","-2.6","","20.6","","0.0","","1.5","","8.0","","10.5","","37","","","M","","M"
"-123.43","48.65","VICTORIA INTL A","1018621","2019-02-15","2019","02","15","","6.1","","-0.6","","2.8","","15.2","","0.0","","2.0","","0.2","","2.2","","37","","","M","","M"
"-123.43","48.65","VICTORIA INTL A","1018621","2019-02-16","2019","02","16","","8.3","","-1.1","","3.6","","14.4","","0.0","","0.2","","0.0","","0.2","","25","","","M","","M"
"-123.43","48.65","VICTORIA INTL A","1018621","2019-02-17","2019","02","17","","5.3","","-1.7","","1.8","","16.2","","0.0","","0.0","T","0.0","","0.0","T","20","","","M","","M"
"-123.43","48.65","VICTORIA INTL A","1018621","2019-02-18","2019","02","18","","5.2","","-2.4","","1.4","","16.6","","0.0","","0.0","","0.0","","0.0","","15","","","M","","M"
"-123.43","48.65","VICTORIA INTL A","1018621","2019-02-19","2019","02","19","","6.9","","-0.1","","3.4","","14.6","","0.0","","0.2","","0.0","","0.2","","14","","","M","","M"
"-123.43","48.65","VICTORIA INTL A","1018621","2019-02-20","2019","02","20","","5.5","","-1.1","","2.2","","15.8","","0.0","","0.0","T","0.0","","0.0","T","11","","","M","","M"
"-123.43","48.65","VICTORIA INTL A","1018621","2019-02-21","2019","02","21","","6.1","","-2.6","","1.8","","16.2","","0.0","","0.0","","0.0","","0.0","","9","","","M","","M"
"-123.43","48.65","VICTORIA INTL A","1018621","2019-02-22","2019","02","22","","7.4","","-0.2","","3.6","","14.4","","0.0","","2.8","","0.0","T","2.8","","8","","18","","39",""
"-123.43","48.65","VICTORIA INTL A","1018621","2019-02-23","2019","02","23","","5.8","","-1.7","","2.1","","15.9","","0.0","","4.8","","0.0","","4.8","","4","","14","","37",""
"-123.43","48.65","VICTORIA INTL A","1018621","2019-02-24","2019","02","24","","7.2","","1.5","","4.4","","13.6","","0.0","","1.2","","0.0","","1.2","","2","","2","","39",""
"-123.43","48.65","VICTORIA INTL A","1018621","2019-02-25","2019","02","25","","4.6","","0.9","","2.8","","15.2","","0.0","","0.0","","0.0","","0.0","","","","5","","50",""
"-123.43","48.65","VICTORIA INTL A","1018621","2019-02-26","2019","02","26","","4.3","","-0.7","","1.8","","16.2","","0.0","","0.0","","0.0","","0.0","","0","T","6","","67",""
"-123.43","48.65","VICTORIA INTL A","1018621","2019-02-27","2019","02","27","","5.9","","1.2","","3.6","","14.4","","0.0","","0.0","","0.0","","0.0","","0","T","6","","65",""
"-123.43","48.65","VICTORIA INTL A","1018621","2019-02-28","2019","02","28","","6.6","","-2.7","","2.0","","16.0","","0.0","","0.0","","0.0","","0.0","","0","T","","M","","M"
"-123.43","48.65","VICTORIA INTL A","1018621","2019-03-01","2019","03","01","","7.2","","-2.0","","2.6","","15.4","","0.0","","0.0","","0.0","","0.0","","0","T","","M","","M"
"-123.43","48.65","VICTORIA INTL A","1018621","2019-03-02","2019","03","02","","7.8","","-2.8","","2.5","","15.5","","0.0","","0.0","","0.0","","0.0","","","","2","","35",""
"-123.43","48.65","VICTORIA INTL A","1018621","2019-03-03","2019","03","03","","5.6","","-2.6","","1.5","","16.5","","0.0","","0.0","","0.0","","0.0","","","","3","","42",""
"-123.43","48.65","VICTORIA INTL A","1018621","2019-03-04","2019","03","04","","5.5","","-3.2","","1.2","","16.8","","0.0","","0.0","","0.0","","0.0","","","","5","","46",""
"-123.43","48.65","VICTORIA INTL A","1018621","2019-03-05","2019","03","05","","6.4","","-3.5","","1.5","","16.5","","0.0","","0.0","","0.0","","0.0","","","","","","","M"
"-123.43","48.65","VICTORIA INTL A","1018621","2019-03-06","2019","03","06","","4.2","","-4.5","","-0.2","","18.2","","0.0","","0.0","T","0.0","","0.0","T","","","","M","","M"
"-123.43","48.65","VICTORIA INTL A","1018621","2019-03-07","2019","03","07","","7.5","","-2.6","","2.5","","15.5","","0.0","","0.2","","0.0","T","0.2","","","","15","","32",""
"-123.43","48.65","VICTORIA INTL A","1018621","2019-03-08","2019","03","08","","6.6","","-2.4","","2.1","","15.9","","0.0","","0.0","","0.0","","0.0","","","","","M","","M"
"-123.43","48.65","VICTORIA INTL A","1018621","2019-03-09","2019","03","09","","7.5","","-2.9","","2.3","","15.7","","0.0","","0.0","","0.0","","0.0","","","","","M","","M"
"-123.43","48.65","VICTORIA INTL A","1018621","2019-03-10","2019","03","10","","8.4","","-2.9","","2.8","","15.2","","0.0","","0.0","","0.0","","0.0","","","","","M","","M"
"-123.43","48.65","VICTORIA INTL A","1018621","2019-03-11","2019","03","11","","6.3","","0.4","","3.4","","14.6","","0.0","","5.4","","0.0","","5.4","","","","","M","","M"
"-123.43","48.65","VICTORIA INTL A","1018621","2019-03-12","2019","03","12","","9.4","","0.9","","5.2","","12.8","","0.0","","0.3","","0.0","","0.3","","","","","","","M"
"-123.43","48.65","VICTORIA INTL A","1018621","2019-03-13","2019","03","13","","9.8","","-0.4","","4.7","","13.3","","0.0","","0.0","","0.0","","0.0","","","","","M","","M"
"-123.43","48.65","VICTORIA INTL A","1018621","2019-03-14","2019","03","14","","8.5","","2.1","","5.3","","12.7","","0.0","","1.2","","0.0","","1.2","","","","","M","","M"
"-123.43","48.65","VICTORIA INTL A","1018621","2019-03-15","2019","03","15","","11.7","","3.6","","7.7","","10.3","","0.0","","0.0","T","0.0","","0.0","T","","","","M","","M"
"-123.43","48.65","VICTORIA INTL A","1018621","2019-03-16","2019","03","16","","13.9","","3.1","","8.5","","9.5","","0.0","","0.0","","0.0","","0.0","","","","","M","","M"
"-123.43","48.65","VICTORIA INTL A","1018621","2019-03-17","2019","03","17","","15.8","","2.2","","9.0","","9.0","","0.0","","0.0","","0.0","","0.0","","","","","M","","M"
"-123.43","48.65","VICTORIA INTL A","1018621","2019-03-18","2019","03","18","","18.6","","3.0","","10.8","","7.2","","0.0","","0.0","","0.0","","0.0","","","","","M","","M"
"-123.43","48.65","VICTORIA INTL A","1018621","2019-03-19","2019","03","19","","20.0","","1.0","","10.5","","7.5","","0.0","","0.0","","0.0","","0.0","","","","","M","","M"
"-123.43","48.65","VICTORIA INTL A","1018621","2019-03-20","2019","03","20","","21.4","","3.4","","12.4","","5.6","","0.0","","0.0","","0.0","","0.0","","","","","M","","M"
"-123.43","48.65","VICTORIA INTL A","1018621","2019-03-21","2019","03","21","","15.7","","3.0","","9.4","","8.6","","0.0","","0.0","","0.0","","0.0","","","","15","","41",""
"-123.43","48.65","VICTORIA INTL A","1018621","2019-03-22","2019","03","22","","13.2","","3.6","","8.4","","9.6","","0.0","","0.0","","0.0","","0.0","","","","24","","35",""
"-123.43","48.65","VICTORIA INTL A","1018621","2019-03-23","2019","03","23","","13.4","","6.0","","9.7","","8.3","","0.0","","0.0","T","0.0","","0.0","T","","","","M","","M"
"-123.43","48.65","VICTORIA INTL A","1018621","2019-03-24","2019","03","24","","13.0","","2.9","","8.0","","10.0","","0.0","","0.0","","0.0","","0.0","","","","","M","","M"
"-123.43","48.65","VICTORIA INTL A","1018621","2019-03-25","2019","03","25","","12.2","","2.4","","7.3","","10.7","","0.0","","4.0","","0.0","","4.0","","","","29","","32",""
"-123.43","48.65","VICTORIA INTL A","1018621","2019-03-26","2019","03","26","","12.1","","3.0","","7.6","","10.4","","0.0","","0.2","","0.0","","0.2","","","","14","","37",""
"-123.43","48.65","VICTORIA INTL A","1018621","2019-03-27","2019","03","27","","15.5","","1.8","","8.7","","9.3","","0.0","","0.0","","0.0","","0.0","","","","","","","M"
"-123.43","48.65","VICTORIA INTL A","1018621","2019-03-28","2019","03","28","","15.6","","5.1","","10.4","","7.6","","0.0","","0.0","","0.0","","0.0","","","","","M","","M"
"-123.43","48.65","VICTORIA INTL A","1018621","2019-03-29","2019","03","29","","15.7","","2.4","","9.1","","8.9","","0.0","","0.0","","0.0","","0.0","","","","","M","","M"
"-123.43","48.65","VICTORIA INTL A","1018621","2019-03-30","2019","03","30","","15.3","","3.3","","9.3","","8.7","","0.0","","0.0","","0.0","","0.0","","","","","M","","M"
"-123.43","48.65","VICTORIA INTL A","1018621","2019-03-31","2019","03","31","","16.1","","3.8","","10.0","","8.0","","0.0","","0.0","","0.0","","0.0","","","","","M","","M"
"-123.43","48.65","VICTORIA INTL A","1018621","2019-04-01","2019","04","01","","18.5","","4.5","","11.5","","6.5","","0.0","","0.0","","0.0","","0.0","","","","","M","","M"
"-123.43","48.65","VICTORIA INTL A","1018621","2019-04-02","2019","04","02","","18.9","","4.9","","11.9","","6.1","","0.0","","0.4","","0.0","","0.4","","","","","M","","M"
"-123.43","48.65","VICTORIA INTL A","1018621","2019-04-03","2019","04","03","","14.7","","8.9","","11.8","","6.2","","0.0","","5.0","","0.0","","5.0","","","","23","","54",""
"-123.43","48.65","VICTORIA INTL A","1018621","2019-04-04","2019","04","04","","14.7","","8.4","","11.6","","6.4","","0.0","","0.0","","0.0","","0.0","","","","21","","32",""
"-123.43","48.65","VICTORIA INTL A","1018621","2019-04-05","2019","04","05","","14.4","","7.3","","10.9","","7.1","","0.0","","3.8","","0.0","","3.8","","","","22","","63",""
"-123.43","48.65","VICTORIA INTL A","1018621","2019-04-06","2019","04","06","","11.9","","6.6","","9.3","","8.7","","0.0","","1.2","","0.0","","1.2","","","","13","","68",""
"-123.43","48.65","VICTORIA INTL A","1018621","2019-04-07","2019","04","07","","15.1","","5.2","","10.2","","7.8","","0.0","","0.2","","0.0","","0.2","","","","14","","37",""
"-123.43","48.65","VICTORIA INTL A","1018621","2019-04-08","2019","04","08","","10.0","","5.5","","7.8","","10.2","","0.0","","12.2","","0.0","","12.2","","","","","M","","M"
"-123.43","48.65","VICTORIA INTL A","1018621","2019-04-09","2019","04","09","","13.3","","5.9","","9.6","","8.4","","0.0","","2.2","","0.0","","2.2","","","","27","","50",""
"-123.43","48.65","VICTORIA INTL A","1018621","2019-04-10","2019","04","10","","13.6","","6.8","","10.2","","7.8","","0.0","","0.8","","0.0","","0.8","","","","26","","45",""
"-123.43","48.65","VICTORIA INTL A","1018621","2019-04-11","2019","04","11","","9.7","","7.0","","8.4","","9.6","","0.0","","7.8","","0.0","","7.8","","","","","M","","M"
"-123.43","48.65","VICTORIA INTL A","1018621","2019-04-12","2019","04","12","","12.3","","6.0","","9.2","","8.8","","0.0","","0.0","T","0.0","","0.0","T","","","","","","M"
"-123.43","48.65","VICTORIA INTL A","1018621","2019-04-13","2019","04","13","","11.3","","6.4","","8.9","","9.1","","0.0","","5.8","","0.0","","5.8","","","","24","","50",""
"-123.43","48.65","VICTORIA INTL A","1018621","2019-04-14","2019","04","14","","11.6","","5.2","","8.4","","9.6","","0.0","","0.0","T","0.0","","0.0","T","","","25","","37",""
"-123.43","48.65","VICTORIA INTL A","1018621","2019-04-15","2019","04","15","","11.8","","5.1","","8.5","","9.5","","0.0","","0.0","","0.0","","0.0","","","","","M","","M"
"-123.43","48.65","VICTORIA INTL A","1018621","2019-04-16","2019","04","16","","11.4","","2.7","","7.1","","10.9","","0.0","","0.0","T","0.0","","0.0","T","","","","","","M"
"-123.43","48.65","VICTORIA INTL A","1018621","2019-04-17","2019","04","17","","14.2","","8.4","","11.3","","6.7","","0.0","","0.2","","0.0","","0.2","","","","21","","39",""
"-123.43","48.65","VICTORIA INTL A","1018621","2019-04-18","2019","04","18","","12.3","","9.4","","10.9","","7.1","","0.0","","10.6","","0.0","","10.6","","","","14","","35",""
"-123.43","48.65","VICTORIA INTL A","1018621","2019-04-19","2019","04","19","","13.9","","8.2","","11.1","","6.9","","0.0","","0.8","","0.0","","0.8","","","","","M","","M"
"-123.43","48.65","VICTORIA INTL A","1018621","2019-04-20","2019","04","20","","15.8","","5.6","","10.7","","7.3","","0.0","","0.0","","0.0","","0.0","","","","","M","","M"
"-123.43","48.65","VICTORIA INTL A","1018621","2019-04-21","2019","04","21","","14.4","","4.5","","9.5","","8.5","","0.0","","0.0","","0.0","","0.0","","","","12","","42",""
"-123.43","48.65","VICTORIA INTL A","1018621","2019-04-22","2019","04","22","","","M","","M","","M","","M","","M","3.3","","0.0","","3.3","","","","","M","","M"
"-123.43","48.65","VICTORIA INTL A","1018621","2019-04-23","2019","04","23","","15.8","","8.2","","12.0","","6.0","","0.0","","0.0","T","0.0","","0.0","T","","","","","","M"
"-123.43","48.65","VICTORIA INTL A","1018621","2019-04-24","2019","04","24","","12.9","","5.6","","9.3","","8.7","","0.0","","0.0","","0.0","","0.0","","","","","M","","M"
"-123.43","48.65","VICTORIA INTL A","1018621","2019-04-25","2019","04","25","","14.9","","2.4","","8.7","","9.3","","0.0","","0.0","","0.0","","0.0","","","","","M","","M"
"-123.43","48.65","VICTORIA INTL A","1018621","2019-04-26","2019","04","26","","15.0","","3.5","","9.3","","8.7","","0.0","","0.0","","0.0","","0.0","","","","23","","45",""
"-123.43","48.65","VICTORIA INTL A","1018621","2019-04-27","2019","04","27","","14.0","","2.2","","8.1","","9.9","","0.0","","0.2","","0.0","","0.2","","","","24","","55",""
"-123.43","48.65","VICTORIA INTL A","1018621","2019-04-28","2019","04","28","","15.9","","2.0","","9.0","","9.0","","0.0","","0.0","","0.0","","0.0","","","","","M","","M"
"-123.43","48.65","VICTORIA INTL A","1018621","2019-04-29","2019","04","29","","17.6","","2.9","","10.3","","7.7","","0.0","","0.0","","0.0","","0.0","","","","2","","32",""
"-123.43","48.65","VICTORIA INTL A","1018621","2019-04-30","2019","04","30","","17.6","","3.0","","10.3","","7.7","","0.0","","0.0","","0.0","","0.0","","","","","M","","M"
"-123.43","48.65","VICTORIA INTL A","1018621","2019-05-01","2019","05","01","","17.8","","4.2","","11.0","","7.0","","0.0","","0.0","","0.0","","0.0","","","","27","","39",""
"-123.43","48.65","VICTORIA INTL A","1018621","2019-05-02","2019","05","02","","17.0","","7.3","","12.2","","5.8","","0.0","","0.0","","0.0","","0.0","","","","27","","39",""
"-123.43","48.65","VICTORIA INTL A","1018621","2019-05-03","2019","05","03","","14.8","","6.3","","10.6","","7.4","","0.0","","0.0","","0.0","","0.0","","","","","M","","M"
"-123.43","48.65","VICTORIA INTL A","1018621","2019-05-04","2019","05","04","","16.7","","5.7","","11.2","","6.8","","0.0","","0.0","","0.0","","0.0","","","","","M","","M"
"-123.43","48.65","VICTORIA INTL A","1018621","2019-05-05","2019","05","05","","18.6","","5.1","","11.9","","6.1","","0.0","","0.0","","0.0","","0.0","","","","","M","","M"
"-123.43","48.65","VICTORIA INTL A","1018621","2019-05-06","2019","05","06","","19.5","","6.7","","13.1","","4.9","","0.0","","0.0","","0.0","","0.0","","","","","M","","M"
"-123.43","48.65","VICTORIA INTL A","1018621","2019-05-07","2019","05","07","","19.9","","6.5","","13.2","","4.8","","0.0","","0.0","","0.0","","0.0","","","","","M","","M"
"-123.43","48.65","VICTORIA INTL A","1018621","2019-05-08","2019","05","08","","20.7","","7.6","","14.2","","3.8","","0.0","","0.0","","0.0","","0.0","","","","","M","","M"
"-123.43","48.65","VICTORIA INTL A","1018621","2019-05-09","2019","05","09","","25.6","","9.5","","17.6","","0.4","","0.0","","0.0","","0.0","","0.0","","","","","M","","M"
"-123.43","48.65","VICTORIA INTL A","1018621","2019-05-10","2019","05","10","","25.3","","10.2","","17.8","","0.2","","0.0","","0.0","","0.0","","0.0","","","","24","","32",""
"-123.43","48.65","VICTORIA INTL A","1018621","2019-05-11","2019","05","11","","19.9","","9.8","","14.9","","3.1","","0.0","","0.0","","0.0","","0.0","","","","","M","","M"
"-123.43","48.65","VICTORIA INTL A","1018621","2019-05-12","2019","05","12","","14.6","","8.0","","11.3","","6.7","","0.0","","0.0","","0.0","","0.0","","","","14","","33",""
"-123.43","48.65","VICTORIA INTL A","1018621","2019-05-13","2019","05","13","","13.9","","4.6","","9.3","","8.7","","0.0","","0.0","","0.0","","0.0","","","","15","","32",""
"-123.43","48.65","VICTORIA INTL A","1018621","2019-05-14","2019","05","14","","15.5","","9.0","","12.3","","5.7","","0.0","","5.2","","0.0","","5.2","","","","","M","","M"
"-123.43","48.65","VICTORIA INTL A","1018621","2019-05-15","2019","05","15","","19.0","","7.4","","13.2","","4.8","","0.0","","1.8","","0.0","","1.8","","","","13","","32",""
"-123.43","48.65","VICTORIA INTL A","1018621","2019-05-16","2019","05","16","","19.6","","10.3","","15.0","","3.0","","0.0","","0.0","T","0.0","","0.0","T","","","","M","","M"
"-123.43","48.65","VICTORIA INTL A","1018621","2019-05-17","2019","05","17","","","M","","M","","M","","M","","M","0.0","","0.0","","0.0","","","","25","","55",""
"-123.43","48.65","VICTORIA INTL A","1018621","2019-05-18","2019","05","18","","19.4","","8.4","","13.9","","4.1","","0.0","","0.0","","0.0","","0.0","","","","","M","","M"
"-123.43","48.65","VICTORIA INTL A","1018621","2019-05-19","2019","05","19","","22.9","","10.1","","16.5","","1.5","","0.0","","0.0","","0.0","","0.0","","","","","M","","M"
"-123.43","48.65","VICTORIA INTL A","1018621","2019-05-20","2019","05","20","","16.1","","9.9","","13.0","","5.0","","0.0","","10.6","","0.0","","10.6","","","","","M","","M"
"-123.43","48.65","VICTORIA INTL A","1018621","2019-05-21","2019","05","21","","18.1","","9.4","","13.8","","4.2","","0.0","","1.6","","0.0","","1.6","","","","","M","","M"
"-123.43","48.65","VICTORIA INTL A","1018621","2019-05-22","2019","05","22","","21.7","","8.2","","15.0","","3.0","","0.0","","0.0","","0.0","","0.0","","","","","M","","M"
"-123.43","48.65","VICTORIA INTL A","1018621","2019-05-23","2019","05","23","","21.6","","10.1","","15.9","","2.1","","0.0","","0.0","","0.0","","0.0","","","","","M","","M"
"-123.43","48.65","VICTORIA INTL A","1018621","2019-05-24","2019","05","24","","14.3","","11.1","","12.7","","5.3","","0.0","","0.8","","0.0","","0.8","","","","15","","32",""
"-123.43","48.65","VICTORIA INTL A","1018621","2019-05-25","2019","05","25","","13.0","","8.9","","11.0","","7.0","","0.0","","8.0","","0.0","","8.0","","","","3","","33",""
"-123.43","48.65","VICTORIA INTL A","1018621","2019-05-26","2019","05","26","","20.6","","7.6","","14.1","","3.9","","0.0","","0.0","","0.0","","0.0","","","","","M","","M"
"-123.43","48.65","VICTORIA INTL A","1018621","2019-05-27","2019","05","27","","22.0","","9.4","","15.7","","2.3","","0.0","","0.0","","0.0","","0.0","","","","","M","","M"
"-123.43","48.65","VICTORIA INTL A","1018621","2019-05-28","2019","05","28","","17.2","","9.3","","13.3","","4.7","","0.0","","0.0","","0.0","","0.0","","","","15","","39",""
"-123.43","48.65","VICTORIA INTL A","1018621","2019-05-29","2019","05","29","","18.0","","9.2","","13.6","","4.4","","0.0","","0.0","","0.0","","0.0","","","","15","","33",""
"-123.43","48.65","VICTORIA INTL A","1018621","2019-05-30","2019","05","30","","19.4","","8.8","","14.1","","3.9","","0.0","","0.0","","0.0","","0.0","","","","","M","","M"
"-123.43","48.65","VICTORIA INTL A","1018621","2019-05-31","2019","05","31","","22.1","","9.4","","15.8","","2.2","","0.0","","0.0","","0.0","","0.0","","","","","M","","M"
"-123.43","48.65","VICTORIA INTL A","1018621","2019-06-01","2019","06","01","","21.8","","10.0","","15.9","","2.1","","0.0","","0.0","","0.0","","0.0","","","","","M","","M"
"-123.43","48.65","VICTORIA INTL A","1018621","2019-06-02","2019","06","02","","26.4","","9.9","","18.2","","0.0","","0.2","","0.0","","0.0","","0.0","","","","15","","46",""
"-123.43","48.65","VICTORIA INTL A","1018621","2019-06-03","2019","06","03","","20.1","","11.3","","15.7","","2.3","","0.0","","0.0","","0.0","","0.0","","","","28","","35",""
"-123.43","48.65","VICTORIA INTL A","1018621","2019-06-04","2019","06","04","","20.7","","9.7","","15.2","","2.8","","0.0","","0.0","","0.0","","0.0","","","","12","","41",""
"-123.43","48.65","VICTORIA INTL A","1018621","2019-06-05","2019","06","05","","17.6","","11.2","","14.4","","3.6","","0.0","","0.2","","0.0","","0.2","","","","24","","54",""
"-123.43","48.65","VICTORIA INTL A","1018621","2019-06-06","2019","06","06","","16.2","","7.0","","11.6","","6.4","","0.0","","3.0","","0.0","","3.0","","","","18","","46",""
"-123.43","48.65","VICTORIA INTL A","1018621","2019-06-07","2019","06","07","","17.2","","9.2","","13.2","","4.8","","0.0","","3.4","","0.0","","3.4","","","","","M","","M"
"-123.43","48.65","VICTORIA INTL A","1018621","2019-06-08","2019","06","08","","20.2","","8.1","","14.2","","3.8","","0.0","","0.0","","0.0","","0.0","","","","","M","","M"
"-123.43","48.65","VICTORIA INTL A","1018621","2019-06-09","2019","06","09","","18.9","","7.6","","13.3","","4.7","","0.0","","0.0","","0.0","","0.0","","","","","M","","M"
"-123.43","48.65","VICTORIA INTL A","1018621","2019-06-10","2019","06","10","","21.6","","11.3","","16.5","","1.5","","0.0","","0.0","T","0.0","","0.0","T","","","","","","M"
"-123.43","48.65","VICTORIA INTL A","1018621","2019-06-11","2019","06","11","","27.9","","11.1","","19.5","","0.0","","1.5","","0.0","","0.0","","0.0","","","","","M","","M"
"-123.43","48.65","VICTORIA INTL A","1018621","2019-06-12","2019","06","12","","29.6","","14.1","","21.9","","0.0","","3.9","","0.0","","0.0","","0.0","","","","","M","","M"
"-123.43","48.65","VICTORIA INTL A","1018621","2019-06-13","2019","06","13","","27.0","","12.9","","20.0","","0.0","","2.0","","0.0","","0.0","","0.0","","","","26","","48",""
"-123.43","48.65","VICTORIA INTL A","1018621","2019-06-14","2019","06","14","","19.6","","11.8","","15.7","","2.3","","0.0","","0.0","","0.0","","0.0","","","","29","","35",""
"-123.43","48.65","VICTORIA INTL A","1018621","2019-06-15","2019","06","15","","20.9","","10.1","","15.5","","2.5","","0.0","","0.0","","0.0","","0.0","","","","","","","M"
"-123.43","48.65","VICTORIA INTL A","1018621","2019-06-16","2019","06","16","","21.9","","10.1","","16.0","","2.0","","0.0","","0.0","","0.0","","0.0","","","","","M","","M"
"-123.43","48.65","VICTORIA INTL A","1018621","2019-06-17","2019","06","17","","","M","","M","","M","","M","","M","0.0","","0.0","","0.0","","","","28","","48",""
"-123.43","48.65","VICTORIA INTL A","1018621","2019-06-18","2019","06","18","","","M","","M","","M","","M","","M","0.0","","0.0","","0.0","","","","25","","39",""
"-123.43","48.65","VICTORIA INTL A","1018621","2019-06-19","2019","06","19","","","M","","M","","M","","M","","M","1.8","","0.0","","1.8","","","","23","","46",""
"-123.43","48.65","VICTORIA INTL A","1018621","2019-06-20","2019","06","20","","18.9","","9.6","","14.3","","3.7","","0.0","","0.4","","0.0","","0.4","","","","15","","32",""
"-123.43","48.65","VICTORIA INTL A","1018621","2019-06-21","2019","06","21","","19.2","","11.9","","15.6","","2.4","","0.0","","0.0","","0.0","","0.0","","","","12","","37",""
"-123.43","48.65","VICTORIA INTL A","1018621","2019-06-22","2019","06","22","","19.9","","11.2","","15.6","","2.4","","0.0","","0.0","","0.0","","0.0","","","","","","","M"
"-123.43","48.65","VICTORIA INTL A","1018621","2019-06-23","2019","06","23","","21.3","","13.2","","17.3","","0.7","","0.0","","0.0","","0.0","","0.0","","","","23","","45",""
"-123.43","48.65","VICTORIA INTL A","1018621","2019-06-24","2019","06","24","","19.1","","11.6","","15.4","","2.6","","0.0","","0.0","","0.0","","0.0","","","","","","","M"
"-123.43","48.65","VICTORIA INTL A","1018621","2019-06-25","2019","06","25","","22.2","","8.7","","15.5","","2.5","","0.0","","0.0","","0.0","","0.0","","","","12","","32",""
"-123.43","48.65","VICTORIA INTL A","1018621","2019-06-26","2019","06","26","","22.4","","11.3","","16.9","","1.1","","0.0","","0.0","","0.0","","0.0","","","","","M","","M"
"-123.43","48.65","VICTORIA INTL A","1018621","2019-06-27","2019","06","27","","21.4","","12.8","","17.1","","0.9","","0.0","","20.2","","0.0","","20.2","","","","13","","39",""
"-123.43","48.65","VICTORIA INTL A","1018621","2019-06-28","2019","06","28","","18.2","","12.5","","15.4","","2.6","","0.0","","1.6","","0.0","","1.6","","","","13","","35",""
"-123.43","48.65","VICTORIA INTL A","1018621","2019-06-29","2019","06","29","","21.6","","12.3","","17.0","","1.0","","0.0","","0.0","","0.0","","0.0","","","","","M","","M"
"-123.43","48.65","VICTORIA INTL A","1018621","2019-06-30","2019","06","30","","24.8","","11.2","","18.0","","0.0","","0.0","","0.0","","0.0","","0.0","","","","","M","","M"
"-123.43","48.65","VICTORIA INTL A","1018621","2019-07-01","2019","07","01","","24.1","","12.1","","18.1","","0.0","","0.1","","0.0","","0.0","","0.0","","","","28","","35",""
"-123.43","48.65","VICTORIA INTL A","1018621","2019-07-02","2019","07","02","","18.5","","12.5","","15.5","","2.5","","0.0","","8.3","","0.0","","8.3","","","","28","","39",""
"-123.43","48.65","VICTORIA INTL A","1018621","2019-07-03","2019","07","03","","21.4","","12.3","","16.9","","1.1","","0.0","","0.0","","0.0","","0.0","","","","","M","","M"
"-123.43","48.65","VICTORIA INTL A","1018621","2019-07-04","2019","07","04","","20.0","","12.3","","16.2","","1.8","","0.0","","0.0","","0.0","","0.0","","","","","M","","M"
"-123.43","48.65","VICTORIA INTL A","1018621","2019-07-05","2019","07","05","","16.0","","12.2","","14.1","","3.9","","0.0","","0.0","","0.0","","0.0","","","","14","","37",""
"-123.43","48.65","VICTORIA INTL A","1018621","2019-07-06","2019","07","06","","18.9","","10.1","","14.5","","3.5","","0.0","","0.0","","0.0","","0.0","","","","12","","32",""
"-123.43","48.65","VICTORIA INTL A","1018621","2019-07-07","2019","07","07","","17.9","","12.4","","15.2","","2.8","","0.0","","4.4","","0.0","","4.4","","","","","M","","M"
"-123.43","48.65","VICTORIA INTL A","1018621","2019-07-08","2019","07","08","","21.3","","11.5","","16.4","","1.6","","0.0","","0.0","","0.0","","0.0","","","","","M","","M"
"-123.43","48.65","VICTORIA INTL A","1018621","2019-07-09","2019","07","09","","22.5","","11.1","","16.8","","1.2","","0.0","","3.4","","0.0","","3.4","","","","","M","","M"
"-123.43","48.65","VICTORIA INTL A","1018621","2019-07-10","2019","07","10","","19.0","","12.5","","15.8","","2.2","","0.0","","11.9","","0.0","","11.9","","","","","M","","M"
"-123.43","48.65","VICTORIA INTL A","1018621","2019-07-11","2019","07","11","","19.6","","13.2","","16.4","","1.6","","0.0","","0.2","","0.0","","0.2","","","","14","","33",""
"-123.43","48.65","VICTORIA INTL A","1018621","2019-07-12","2019","07","12","","22.5","","12.8","","17.7","","0.3","","0.0","","0.0","","0.0","","0.0","","","","","","","M"
"-123.43","48.65","VICTORIA INTL A","1018621","2019-07-13","2019","07","13","","","M","","M","","M","","M","","M","0.0","","0.0","","0.0","","","","","M","","M"
"-123.43","48.65","VICTORIA INTL A","1018621","2019-07-14","2019","07","14","","20.6","","14.4","","17.5","","0.5","","0.0","","0.0","","0.0","","0.0","","","","","M","","M"
"-123.43","48.65","VICTORIA INTL A","1018621","2019-07-15","2019","07","15","","20.2","","13.3","","16.8","","1.2","","0.0","","0.0","","0.0","","0.0","","","","13","","33",""
"-123.43","48.65","VICTORIA INTL A","1018621","2019-07-16","2019","07","16","","21.2","","11.3","","16.3","","1.7","","0.0","","0.0","","0.0","","0.0","","","","","","","M"
"-123.43","48.65","VICTORIA INTL A","1018621","2019-07-17","2019","07","17","","23.0","","13.5","","18.3","","0.0","","0.3","","1.3","","0.0","","1.3","","","","24","","48",""
"-123.43","48.65","VICTORIA INTL A","1018621","2019-07-18","2019","07","18","","20.9","","12.8","","16.9","","1.1","","0.0","","0.0","","0.0","","0.0","","","","25","","37",""
"-123.43","48.65","VICTORIA INTL A","1018621","2019-07-19","2019","07","19","","19.6","","9.2","","14.4","","3.6","","0.0","","0.0","","0.0","","0.0","","","","","M","","M"
"-123.43","48.65","VICTORIA INTL A","1018621","2019-07-20","2019","07","20","","","M","","M","","M","","M","","M","0.0","","0.0","","0.0","","","","","M","","M"
"-123.43","48.65","VICTORIA INTL A","1018621","2019-07-21","2019","07","21","","25.9","","11.6","","18.8","","0.0","","0.8","","0.0","","0.0","","0.0","","","","","M","","M"
"-123.43","48.65","VICTORIA INTL A","1018621","2019-07-22","2019","07","22","","24.4","","12.1","","18.3","","0.0","","0.3","","0.0","","0.0","","0.0","","","","","M","","M"
"-123.43","48.65","VICTORIA INTL A","1018621","2019-07-23","2019","07","23","","24.8","","14.8","","19.8","","0.0","","1.8","","0.0","","0.0","","0.0","","","","27","","45",""
"-123.43","48.65","VICTORIA INTL A","1018621","2019-07-24","2019","07","24","","22.6","","13.7","","18.2","","0.0","","0.2","","0.0","","0.0","","0.0","","","","25","","45",""
"-123.43","48.65","VICTORIA INTL A","1018621","2019-07-25","2019","07","25","","25.1","","12.8","","19.0","","0.0","","1.0","","0.0","","0.0","","0.0","","","","","M","","M"
"-123.43","48.65","VICTORIA INTL A","1018621","2019-07-26","2019","07","26","","30.5","","13.4","","22.0","","0.0","","4.0","","0.0","","0.0","","0.0","","","","24","","55",""
"-123.43","48.65","VICTORIA INTL A","1018621","2019-07-27","2019","07","27","","24.3","","14.8","","19.6","","0.0","","1.6","","0.0","","0.0","","0.0","","","","23","","42",""
"-123.43","48.65","VICTORIA INTL A","1018621","2019-07-28","2019","07","28","","24.0","","12.7","","18.4","","0.0","","0.4","","0.0","","0.0","","0.0","","","","","M","","M"
"-123.43","48.65","VICTORIA INTL A","1018621","2019-07-29","2019","07","29","","22.9","","12.0","","17.5","","0.5","","0.0","","0.0","","0.0","","0.0","","","","12","","35",""
"-123.43","48.65","VICTORIA INTL A","1018621","2019-07-30","2019","07","30","","","M","","M","","M","","M","","M","0.0","","0.0","","0.0","","","","14","","37",""
"-123.43","48.65","VICTORIA INTL A","1018621","2019-07-31","2019","07","31","","22.9","","16.9","","19.9","","0.0","","1.9","","0.0","","0.0","","0.0","","","","","M","","M"
"-123.43","48.65","VICTORIA INTL A","1018621","2019-08-01","2019","08","01","","24.0","","12.9","","18.5","","0.0","","0.5","","0.0","","0.0","","0.0","","","","14","","33",""
"-123.43","48.65","VICTORIA INTL A","1018621","2019-08-02","2019","08","02","","25.2","","14.1","","19.7","","0.0","","1.7","","2.8","","0.0","","2.8","","","","23","","48",""
"-123.43","48.65","VICTORIA INTL A","1018621","2019-08-03","2019","08","03","","25.4","","12.1","","18.8","","0.0","","0.8","","0.0","","0.0","","0.0","","","","","M","","M"
"-123.43","48.65","VICTORIA INTL A","1018621","2019-08-04","2019","08","04","","27.8","","12.6","","20.2","","0.0","","2.2","","0.0","","0.0","","0.0","","","","","M","","M"
"-123.43","48.65","VICTORIA INTL A","1018621","2019-08-05","2019","08","05","","26.2","","14.2","","20.2","","0.0","","2.2","","0.0","","0.0","","0.0","","","","","M","","M"
"-123.43","48.65","VICTORIA INTL A","1018621","2019-08-06","2019","08","06","","24.4","","12.6","","18.5","","0.0","","0.5","","0.0","","0.0","","0.0","","","","","M","","M"
"-123.43","48.65","VICTORIA INTL A","1018621","2019-08-07","2019","08","07","","19.6","","12.5","","16.1","","1.9","","0.0","","0.0","","0.0","","0.0","","","","","M","","M"
"-123.43","48.65","VICTORIA INTL A","1018621","2019-08-08","2019","08","08","","20.5","","11.8","","16.2","","1.8","","0.0","","0.0","","0.0","","0.0","","","","11","","54",""
"-123.43","48.65","VICTORIA INTL A","1018621","2019-08-09","2019","08","09","","19.5","","12.5","","16.0","","2.0","","0.0","","0.0","","0.0","","0.0","","","","","M","","M"
"-123.43","48.65","VICTORIA INTL A","1018621","2019-08-10","2019","08","10","","16.8","","13.4","","15.1","","2.9","","0.0","","0.4","","0.0","","0.4","","","","","M","","M"
"-123.43","48.65","VICTORIA INTL A","1018621","2019-08-11","2019","08","11","","21.6","","13.6","","17.6","","0.4","","0.0","","1.0","","0.0","","1.0","","","","15","","33",""
"-123.43","48.65","VICTORIA INTL A","1018621","2019-08-12","2019","08","12","","23.1","","12.6","","17.9","","0.1","","0.0","","0.0","","0.0","","0.0","","","","","M","","M"
"-123.43","48.65","VICTORIA INTL A","1018621","2019-08-13","2019","08","13","","25.0","","13.1","","19.1","","0.0","","1.1","","0.0","","0.0","","0.0","","","","","M","","M"
"-123.43","48.65","VICTORIA INTL A","1018621","2019-08-14","2019","08","14","","25.5","","14.7","","20.1","","0.0","","2.1","","0.0","","0.0","","0.0","","","","","M","","M"
"-123.43","48.65","VICTORIA INTL A","1018621","2019-08-15","2019","08","15","","22.4","","12.8","","17.6","","0.4","","0.0","","0.0","","0.0","","0.0","","","","","M","","M"
"-123.43","48.65","VICTORIA INTL A","1018621","2019-08-16","2019","08","16","","19.9","","13.8","","16.9","","1.1","","0.0","","0.0","","0.0","","0.0","","","","15","","33",""
"-123.43","48.65","VICTORIA INTL A","1018621","2019-08-17","2019","08","17","","19.8","","13.3","","16.6","","1.4","","0.0","","0.0","","0.0","","0.0","","","","13","","32",""
"-123.43","48.65","VICTORIA INTL A","1018621","2019-08-18","2019","08","18","","21.2","","11.2","","16.2","","1.8","","0.0","","0.0","","0.0","","0.0","","","","","","","M"
"-123.43","48.65","VICTORIA INTL A","1018621","2019-08-19","2019","08","19","","20.6","","11.2","","15.9","","2.1","","0.0","","0.0","","0.0","","0.0","","","","14","","32",""
"-123.43","48.65","VICTORIA INTL A","1018621","2019-08-20","2019","08","20","","21.6","","11.4","","16.5","","1.5","","0.0","","0.0","","0.0","","0.0","","","","29","","35",""
"-123.43","48.65","VICTORIA INTL A","1018621","2019-08-21","2019","08","21","","18.6","","13.5","","16.1","","1.9","","0.0","","5.7","","0.0","","5.7","","","","15","","32",""
"-123.43","48.65","VICTORIA INTL A","1018621","2019-08-22","2019","08","22","","20.2","","13.4","","16.8","","1.2","","0.0","","0.0","","0.0","","0.0","","","","","M","","M"
"-123.43","48.65","VICTORIA INTL A","1018621","2019-08-23","2019","08","23","","17.3","","11.2","","14.3","","3.7","","0.0","","2.1","","0.0","","2.1","","","","","M","","M"
"-123.43","48.65","VICTORIA INTL A","1018621","2019-08-24","2019","08","24","","21.3","","12.1","","16.7","","1.3","","0.0","","0.0","","0.0","","0.0","","","","","M","","M"
"-123.43","48.65","VICTORIA INTL A","1018621","2019-08-25","2019","08","25","","20.7","","13.1","","16.9","","1.1","","0.0","","0.0","","0.0","","0.0","","","","","","","M"
"-123.43","48.65","VICTORIA INTL A","1018621","2019-08-26","2019","08","26","","22.2","","10.5","","16.4","","1.6","","0.0","","0.0","","0.0","","0.0","","","","","M","","M"
"-123.43","48.65","VICTORIA INTL A","1018621","2019-08-27","2019","08","27","","27.4","","10.7","","19.1","","0.0","","1.1","","0.0","","0.0","","0.0","","","","","M","","M"
"-123.43","48.65","VICTORIA INTL A","1018621","2019-08-28","2019","08","28","","26.4","","12.9","","19.7","","0.0","","1.7","","0.0","","0.0","","0.0","","","","","M","","M"
"-123.43","48.65","VICTORIA INTL A","1018621","2019-08-29","2019","08","29","","21.2","","12.8","","17.0","","1.0","","0.0","","0.0","","0.0","","0.0","","","","14","","33",""
"-123.43","48.65","VICTORIA INTL A","1018621","2019-08-30","2019","08","30","","20.9","","14.1","","17.5","","0.5","","0.0","","0.0","","0.0","","0.0","","","","","M","","M"
"-123.43","48.65","VICTORIA INTL A","1018621","2019-08-31","2019","08","31","","22.8","","14.3","","18.6","","0.0","","0.6","","0.0","T","0.0","","0.0","T","","","","M","","M"
"-123.43","48.65","VICTORIA INTL A","1018621","2019-09-01","2019","09","01","","22.1","","13.2","","17.7","","0.3","","0.0","","0.0","","0.0","","0.0","","","","","M","","M"
"-123.43","48.65","VICTORIA INTL A","1018621","2019-09-02","2019","09","02","","23.4","","13.1","","18.3","","0.0","","0.3","","0.0","","0.0","","0.0","","","","","M","","M"
"-123.43","48.65","VICTORIA INTL A","1018621","2019-09-03","2019","09","03","","21.7","","11.3","","16.5","","1.5","","0.0","","0.0","T","0.0","","0.0","T","","","","M","","M"
"-123.43","48.65","VICTORIA INTL A","1018621","2019-09-04","2019","09","04","","21.7","","13.3","","17.5","","0.5","","0.0","","0.0","","0.0","","0.0","","","","","M","","M"
"-123.43","48.65","VICTORIA INTL A","1018621","2019-09-05","2019","09","05","","25.1","","11.8","","18.5","","0.0","","0.5","","0.0","","0.0","","0.0","","","","","M","","M"
"-123.43","48.65","VICTORIA INTL A","1018621","2019-09-06","2019","09","06","","21.9","","11.9","","16.9","","1.1","","0.0","","0.0","","0.0","","0.0","","","","","M","","M"
"-123.43","48.65","VICTORIA INTL A","1018621","2019-09-07","2019","09","07","","19.1","","11.2","","15.2","","2.8","","0.0","","0.0","","0.0","","0.0","","","","","M","","M"
"-123.43","48.65","VICTORIA INTL A","1018621","2019-09-08","2019","09","08","","18.2","","12.3","","15.3","","2.7","","0.0","","0.0","","0.0","","0.0","","","","14","","39",""
"-123.43","48.65","VICTORIA INTL A","1018621","2019-09-09","2019","09","09","","20.0","","12.5","","16.3","","1.7","","0.0","","1.2","","0.0","","1.2","","","","","M","","M"
"-123.43","48.65","VICTORIA INTL A","1018621","2019-09-10","2019","09","10","","19.5","","12.0","","15.8","","2.2","","0.0","","0.0","","0.0","","0.0","","","","","M","","M"
"-123.43","48.65","VICTORIA INTL A","1018621","2019-09-11","2019","09","11","","17.8","","9.8","","13.8","","4.2","","0.0","","0.0","","0.0","","0.0","","","","14","","46",""
"-123.43","48.65","VICTORIA INTL A","1018621","2019-09-12","2019","09","12","","17.7","","12.9","","15.3","","2.7","","0.0","","10.2","","0.0","","10.2","","","","","M","","M"
"-123.43","48.65","VICTORIA INTL A","1018621","2019-09-13","2019","09","13","","19.1","","12.4","","15.8","","2.2","","0.0","","2.4","","0.0","","2.4","","","","15","","33",""
"-123.43","48.65","VICTORIA INTL A","1018621","2019-09-14","2019","09","14","","15.6","","12.2","","13.9","","4.1","","0.0","","2.2","","0.0","","2.2","","","","14","","33",""
"-123.43","48.65","VICTORIA INTL A","1018621","2019-09-15","2019","09","15","","15.6","","10.2","","12.9","","5.1","","0.0","","6.8","","0.0","","6.8","","","","15","","39",""
"-123.43","48.65","VICTORIA INTL A","1018621","2019-09-16","2019","09","16","","16.7","","9.9","","13.3","","4.7","","0.0","","1.7","","0.0","","1.7","","","","","M","","M"
"-123.43","48.65","VICTORIA INTL A","1018621","2019-09-17","2019","09","17","","14.1","","11.9","","13.0","","5.0","","0.0","","15.9","","0.0","","15.9","","","","15","","48",""
"-123.43","48.65","VICTORIA INTL A","1018621","2019-09-18","2019","09","18","","18.8","","11.6","","15.2","","2.8","","0.0","","1.0","","0.0","","1.0","","","","","M","","M"
"-123.43","48.65","VICTORIA INTL A","1018621","2019-09-19","2019","09","19","","16.2","","9.5","","12.9","","5.1","","0.0","","1.6","","0.0","","1.6","","","","","M","","M"
"-123.43","48.65","VICTORIA INTL A","1018621","2019-09-20","2019","09","20","","18.3","","11.0","","14.7","","3.3","","0.0","","0.0","","0.0","","0.0","","","","","M","","M"
"-123.43","48.65","VICTORIA INTL A","1018621","2019-09-21","2019","09","21","","16.0","","9.1","","12.6","","5.4","","0.0","","0.8","","0.0","","0.8","","","","","M","","M"
"-123.43","48.65","VICTORIA INTL A","1018621","2019-09-22","2019","09","22","","16.6","","12.8","","14.7","","3.3","","0.0","","8.0","","0.0","","8.0","","","","","M","","M"
"-123.43","48.65","VICTORIA INTL A","1018621","2019-09-23","2019","09","23","","14.5","","11.6","","13.1","","4.9","","0.0","","9.6","","0.0","","9.6","","","","21","","32",""
"-123.43","48.65","VICTORIA INTL A","1018621","2019-09-24","2019","09","24","","20.8","","10.5","","15.7","","2.3","","0.0","","0.2","","0.0","","0.2","","","","27","","33",""
"-123.43","48.65","VICTORIA INTL A","1018621","2019-09-25","2019","09","25","","","M","","M","","M","","M","","M","0.0","","0.0","","0.0","","","","17","","32",""
"-123.43","48.65","VICTORIA INTL A","1018621","2019-09-26","2019","09","26","","17.3","","12.2","","14.8","","3.2","","0.0","","0.4","","0.0","","0.4","","","","21","","48",""
"-123.43","48.65","VICTORIA INTL A","1018621","2019-09-27","2019","09","27","","13.8","","7.8","","10.8","","7.2","","0.0","","7.6","","0.0","","7.6","","","","2","","46",""
"-123.43","48.65","VICTORIA INTL A","1018621","2019-09-28","2019","09","28","","16.8","","7.4","","12.1","","5.9","","0.0","","0.0","","0.0","","0.0","","","","32","","37",""
"-123.43","48.65","VICTORIA INTL A","1018621","2019-09-29","2019","09","29","","14.7","","7.8","","11.3","","6.7","","0.0","","0.0","","0.0","","0.0","","","","7","","39",""
"-123.43","48.65","VICTORIA INTL A","1018621","2019-09-30","2019","09","30","","14.6","","3.9","","9.3","","8.7","","0.0","","0.0","","0.0","","0.0","","","","","M","","M"
"-123.43","48.65","VICTORIA INTL A","1018621","2019-10-01","2019","10","01","","13.3","","4.0","","8.7","","9.3","","0.0","","0.0","","0.0","","0.0","","","","","M","","M"
"-123.43","48.65","VICTORIA INTL A","1018621","2019-10-02","2019","10","02","","12.9","","5.1","","9.0","","9.0","","0.0","","1.2","","0.0","","1.2","","","","","M","","M"
"-123.43","48.65","VICTORIA INTL A","1018621","2019-10-03","2019","10","03","","14.9","","8.0","","11.5","","6.5","","0.0","","0.6","","0.0","","0.6","","","","15","","37",""
"-123.43","48.65","VICTORIA INTL A","1018621","2019-10-04","2019","10","04","","11.9","","7.2","","9.6","","8.4","","0.0","","12.4","","0.0","","12.4","","","","","M","","M"
"-123.43","48.65","VICTORIA INTL A","1018621","2019-10-05","2019","10","05","","14.7","","6.2","","10.5","","7.5","","0.0","","1.6","","0.0","","1.6","","","","","M","","M"
"-123.43","48.65","VICTORIA INTL A","1018621","2019-10-06","2019","10","06","","14.3","","6.1","","10.2","","7.8","","0.0","","0.4","","0.0","","0.4","","","","","M","","M"
"-123.43","48.65","VICTORIA INTL A","1018621","2019-10-07","2019","10","07","","17.8","","9.0","","13.4","","4.6","","0.0","","7.8","","0.0","","7.8","","","","17","","48",""
"-123.43","48.65","VICTORIA INTL A","1018621","2019-10-08","2019","10","08","","12.7","","3.8","","8.3","","9.7","","0.0","","0.8","","0.0","","0.8","","","","6","","50",""
"-123.43","48.65","VICTORIA INTL A","1018621","2019-10-09","2019","10","09","","10.3","","0.6","","5.5","","12.5","","0.0","","0.0","","0.0","","0.0","","","","","M","","M"
"-123.43","48.65","VICTORIA INTL A","1018621","2019-10-10","2019","10","10","","10.8","","0.0","","5.4","","12.6","","0.0","","0.0","","0.0","","0.0","","","","","M","","M"
"-123.43","48.65","VICTORIA INTL A","1018621","2019-10-11","2019","10","11","","13.2","","1.9","","7.6","","10.4","","0.0","","0.0","","0.0","","0.0","","","","","M","","M"
"-123.43","48.65","VICTORIA INTL A","1018621","2019-10-12","2019","10","12","","13.3","","3.7","","8.5","","9.5","","0.0","","3.8","","0.0","","3.8","","","","","M","","M"
"-123.43","48.65","VICTORIA INTL A","1018621","2019-10-13","2019","10","13","","13.9","","5.0","","9.5","","8.5","","0.0","","0.0","T","0.0","","0.0","T","","","","M","","M"
"-123.43","48.65","VICTORIA INTL A","1018621","2019-10-14","2019","10","14","","10.4","","3.3","","6.9","","11.1","","0.0","","0.0","","0.0","","0.0","","","","","M","","M"
"-123.43","48.65","VICTORIA INTL A","1018621","2019-10-15","2019","10","15","","11.0","","6.0","","8.5","","9.5","","0.0","","1.6","","0.0","","1.6","","","","","M","","M"
"-123.43","48.65","VICTORIA INTL A","1018621","2019-10-16","2019","10","16","","13.0","","9.4","","11.2","","6.8","","0.0","","8.9","","0.0","","8.9","","","","15","","48",""
"-123.43","48.65","VICTORIA INTL A","1018621","2019-10-17","2019","10","17","","13.7","","7.7","","10.7","","7.3","","0.0","","5.2","","0.0","","5.2","","","","24","","39",""
"-123.43","48.65","VICTORIA INTL A","1018621","2019-10-18","2019","10","18","","11.3","","8.5","","9.9","","8.1","","0.0","","6.0","","0.0","","6.0","","","","23","","58",""
"-123.43","48.65","VICTORIA INTL A","1018621","2019-10-19","2019","10","19","","11.5","","4.0","","7.8","","10.2","","0.0","","1.0","","0.0","","1.0","","","","","M","","M"
"-123.43","48.65","VICTORIA INTL A","1018621","2019-10-20","2019","10","20","","11.0","","3.5","","7.3","","10.7","","0.0","","4.4","","0.0","","4.4","","","","13","","50",""
"-123.43","48.65","VICTORIA INTL A","1018621","2019-10-21","2019","10","21","","12.4","","7.3","","9.9","","8.1","","0.0","","18.7","","0.0","","18.7","","","","22","","37",""
"-123.43","48.65","VICTORIA INTL A","1018621","2019-10-22","2019","10","22","","14.7","","6.9","","10.8","","7.2","","0.0","","0.0","","0.0","","0.0","","","","","M","","M"
"-123.43","48.65","VICTORIA INTL A","1018621","2019-10-23","2019","10","23","","11.9","","3.8","","7.9","","10.1","","0.0","","0.0","","0.0","","0.0","","","","","M","","M"
"-123.43","48.65","VICTORIA INTL A","1018621","2019-10-24","2019","10","24","","11.8","","5.4","","8.6","","9.4","","0.0","","0.2","","0.0","","0.2","","","","","M","","M"
"-123.43","48.65","VICTORIA INTL A","1018621","2019-10-25","2019","10","25","","15.6","","6.1","","10.9","","7.1","","0.0","","0.0","T","0.0","","0.0","T","","","17","","41",""
"-123.43","48.65","VICTORIA INTL A","1018621","2019-10-26","2019","10","26","","13.5","","3.2","","8.4","","9.6","","0.0","","0.0","","0.0","","0.0","","","","31","","35",""
"-123.43","48.65","VICTORIA INTL A","1018621","2019-10-27","2019","10","27","","12.0","","1.3","","6.7","","11.3","","0.0","","0.0","","0.0","","0.0","","","","","M","","M"
"-123.43","48.65","VICTORIA INTL A","1018621","2019-10-28","2019","10","28","","10.3","","0.5","","5.4","","12.6","","0.0","","0.0","","0.0","","0.0","","","","5","","32",""
"-123.43","48.65","VICTORIA INTL A","1018621","2019-10-29","2019","10","29","","9.0","","-0.7","","4.2","","13.8","","0.0","","0.0","","0.0","","0.0","","","","7","","55",""
"-123.43","48.65","VICTORIA INTL A","1018621","2019-10-30","2019","10","30","","9.7","","-1.2","","4.3","","13.7","","0.0","","0.0","","0.0","","0.0","","","","","M","","M"
"-123.43","48.65","VICTORIA INTL A","1018621","2019-10-31","2019","10","31","","10.6","","0.8","","5.7","","12.3","","0.0","","0.0","","0.0","","0.0","","","","","M","","M"
"-123.43","48.65","VICTORIA INTL A","1018621","2019-11-01","2019","11","01","","11.5","","1.2","","6.4","","11.6","","0.0","","0.0","","0.0","","0.0","","","","","M","","M"
"-123.43","48.65","VICTORIA INTL A","1018621","2019-11-02","2019","11","02","","11.8","","2.0","","6.9","","11.1","","0.0","","0.0","","0.0","","0.0","","","","","M","","M"
"-123.43","48.65","VICTORIA INTL A","1018621","2019-11-03","2019","11","03","","11.1","","3.4","","7.3","","10.7","","0.0","","0.0","","0.0","","0.0","","","","","M","","M"
"-123.43","48.65","VICTORIA INTL A","1018621","2019-11-04","2019","11","04","","11.4","","6.0","","8.7","","9.3","","0.0","","0.0","T","0.0","","0.0","T","","","","M","","M"
"-123.43","48.65","VICTORIA INTL A","1018621","2019-11-05","2019","11","05","","11.3","","4.2","","7.8","","10.2","","0.0","","0.0","","0.0","","0.0","","","","","M","","M"
"-123.43","48.65","VICTORIA INTL A","1018621","2019-11-06","2019","11","06","","13.6","","3.7","","8.7","","9.3","","0.0","","0.0","","0.0","","0.0","","","","","M","","M"
"-123.43","48.65","VICTORIA INTL A","1018621","2019-11-07","2019","11","07","","12.4","","2.5","","7.5","","10.5","","0.0","","0.0","","0.0","","0.0","","","","","M","","M"
"-123.43","48.65","VICTORIA INTL A","1018621","2019-11-08","2019","11","08","","10.4","","2.0","","6.2","","11.8","","0.0","","0.0","","0.0","","0.0","","","","","M","","M"
"-123.43","48.65","VICTORIA INTL A","1018621","2019-11-09","2019","11","09","","10.2","","8.5","","9.4","","8.6","","0.0","","2.2","","0.0","","2.2","","","","","M","","M"
"-123.43","48.65","VICTORIA INTL A","1018621","2019-11-10","2019","11","10","","12.5","","5.6","","9.1","","8.9","","0.0","","0.2","","0.0","","0.2","","","","","M","","M"
"-123.43","48.65","VICTORIA INTL A","1018621","2019-11-11","2019","11","11","","11.1","","5.4","","8.3","","9.7","","0.0","","0.2","","0.0","","0.2","","","","","M","","M"
"-123.43","48.65","VICTORIA INTL A","1018621","2019-11-12","2019","11","12","","9.7","","7.2","","8.5","","9.5","","0.0","","12.1","","0.0","","12.1","","","","","M","","M"
"-123.43","48.65","VICTORIA INTL A","1018621","2019-11-13","2019","11","13","","11.4","","4.8","","8.1","","9.9","","0.0","","0.0","","0.0","","0.0","","","","","M","","M"
"-123.43","48.65","VICTORIA INTL A","1018621","2019-11-14","2019","11","14","","10.9","","4.8","","7.9","","10.1","","0.0","","0.2","","0.0","","0.2","","","","","M","","M"
"-123.43","48.65","VICTORIA INTL A","1018621","2019-11-15","2019","11","15","","15.2","","4.6","","9.9","","8.1","","0.0","","3.9","","0.0","","3.9","","","","24","","41",""
"-123.43","48.65","VICTORIA INTL A","1018621","2019-11-16","2019","11","16","","11.1","","4.1","","7.6","","10.4","","0.0","","3.6","","0.0","","3.6","","","","15","","32",""
"-123.43","48.65","VICTORIA INTL A","1018621","2019-11-17","2019","11","17","","15.9","","4.2","","10.1","","7.9","","0.0","","11.4","","0.0","","11.4","","","","16","","45",""
"-123.43","48.65","VICTORIA INTL A","1018621","2019-11-18","2019","11","18","","9.2","","4.5","","6.9","","11.1","","0.0","","15.5","","0.0","","15.5","","","","","M","","M"
"-123.43","48.65","VICTORIA INTL A","1018621","2019-11-19","2019","11","19","","12.7","","4.2","","8.5","","9.5","","0.0","","0.8","","0.0","","0.8","","","","28","","37",""
"-123.43","48.65","VICTORIA INTL A","1018621","2019-11-20","2019","11","20","","11.0","","1.3","","6.2","","11.8","","0.0","","0.0","","0.0","","0.0","","","","","M","","M"
"-123.43","48.65","VICTORIA INTL A","1018621","2019-11-21","2019","11","21","","9.5","","-0.4","","4.6","","13.4","","0.0","","0.0","","0.0","","0.0","","","","","M","","M"
"-123.43","48.65","VICTORIA INTL A","1018621","2019-11-22","2019","11","22","","8.1","","0.2","","4.2","","13.8","","0.0","","0.0","","0.0","","0.0","","","","","M","","M"
"-123.43","48.65","VICTORIA INTL A","1018621","2019-11-23","2019","11","23","","8.9","","5.8","","7.4","","10.6","","0.0","","1.4","","0.0","","1.4","","","","16","","50",""
"-123.43","48.65","VICTORIA INTL A","1018621","2019-11-24","2019","11","24","","11.1","","1.5","","6.3","","11.7","","0.0","","0.0","T","0.0","","0.0","T","","","17","","39",""
"-123.43","48.65","VICTORIA INTL A","1018621","2019-11-25","2019","11","25","","9.0","","-0.1","","4.5","","13.5","","0.0","","0.0","","0.0","","0.0","","","","","M","","M"
"-123.43","48.65","VICTORIA INTL A","1018621","2019-11-26","2019","11","26","","5.9","","-0.5","","2.7","","15.3","","0.0","","1.6","","0.0","T","1.6","","","","5","","48",""
"-123.43","48.65","VICTORIA INTL A","1018621","2019-11-27","2019","11","27","","7.1","","3.6","","5.4","","12.6","","0.0","","0.0","","0.0","","0.0","","","","3","","65",""
"-123.43","48.65","VICTORIA INTL A","1018621","2019-11-28","2019","11","28","","5.4","","-3.5","","1.0","","17.0","","0.0","","0.0","","0.0","","0.0","","","","4","","59",""
"-123.43","48.65","VICTORIA INTL A","1018621","2019-11-29","2019","11","29","","4.5","","-4.2","","0.2","","17.8","","0.0","","0.0","","0.0","","0.0","","","","","M","","M"
"-123.43","48.65","VICTORIA INTL A","1018621","2019-11-30","2019","11","30","","5.2","","-4.0","","0.6","","17.4","","0.0","","0.0","","0.0","","0.0","","","","","M","","M"
"-123.43","48.65","VICTORIA INTL A","1018621","2019-12-01","2019","12","01","","4.5","","-3.7","","0.4","","17.6","","0.0","","0.0","T","0.0","","0.0","T","","","","M","","M"
"-123.43","48.65","VICTORIA INTL A","1018621","2019-12-02","2019","12","02","","5.6","","3.5","","4.6","","13.4","","0.0","","0.0","T","0.0","","0.0","T","","","","M","","M"
"-123.43","48.65","VICTORIA INTL A","1018621","2019-12-03","2019","12","03","","9.5","","5.2","","7.4","","10.6","","0.0","","0.0","T","0.0","","0.0","T","","","15","","37",""
"-123.43","48.65","VICTORIA INTL A","1018621","2019-12-04","2019","12","04","","9.2","","6.0","","7.6","","10.4","","0.0","","0.8","","0.0","","0.8","","","","","M","","M"
"-123.43","48.65","VICTORIA INTL A","1018621","2019-12-05","2019","12","05","","7.7","","4.4","","6.1","","11.9","","0.0","","0.0","T","0.0","","0.0","T","","","","M","","M"
"-123.43","48.65","VICTORIA INTL A","1018621","2019-12-06","2019","12","06","","8.2","","4.3","","6.3","","11.7","","0.0","","3.2","","0.0","","3.2","","","","","M","","M"
"-123.43","48.65","VICTORIA INTL A","1018621","2019-12-07","2019","12","07","","9.1","","5.5","","7.3","","10.7","","0.0","","3.4","","0.0","","3.4","","","","","M","","M"
"-123.43","48.65","VICTORIA INTL A","1018621","2019-12-08","2019","12","08","","9.3","","4.4","","6.9","","11.1","","0.0","","0.0","","0.0","","0.0","","","","","M","","M"
"-123.43","48.65","VICTORIA INTL A","1018621","2019-12-09","2019","12","09","","8.0","","1.2","","4.6","","13.4","","0.0","","0.0","","0.0","","0.0","","","","","M","","M"
"-123.43","48.65","VICTORIA INTL A","1018621","2019-12-10","2019","12","10","","6.1","","1.4","","3.8","","14.2","","0.0","","2.7","","0.0","","2.7","","","","","M","","M"
"-123.43","48.65","VICTORIA INTL A","1018621","2019-12-11","2019","12","11","","8.4","","5.9","","7.2","","10.8","","0.0","","7.4","","0.0","","7.4","","","","14","","39",""
"-123.43","48.65","VICTORIA INTL A","1018621","2019-12-12","2019","12","12","","9.4","","4.0","","6.7","","11.3","","0.0","","20.3","","0.0","","20.3","","","","17","","35",""
"-123.43","48.65","VICTORIA INTL A","1018621","2019-12-13","2019","12","13","","8.9","","1.0","","5.0","","13.0","","0.0","","3.6","","0.0","","3.6","","","","","M","","M"
"-123.43","48.65","VICTORIA INTL A","1018621","2019-12-14","2019","12","14","","7.2","","1.4","","4.3","","13.7","","0.0","","0.5","","0.0","","0.5","","","","","M","","M"
"-123.43","48.65","VICTORIA INTL A","1018621","2019-12-15","2019","12","15","","6.3","","-0.1","","3.1","","14.9","","0.0","","0.0","","0.0","","0.0","","","","","M","","M"
"-123.43","48.65","VICTORIA INTL A","1018621","2019-12-16","2019","12","16","","7.4","","0.8","","4.1","","13.9","","0.0","","0.4","","0.0","","0.4","","","","14","","35",""
"-123.43","48.65","VICTORIA INTL A","1018621","2019-12-17","2019","12","17","","8.0","","3.5","","5.8","","12.2","","0.0","","0.0","T","0.0","","0.0","T","","","","M","","M"
"-123.43","48.65","VICTORIA INTL A","1018621","2019-12-18","2019","12","18","","7.5","","2.8","","5.2","","12.8","","0.0","","7.8","","0.0","","7.8","","","","14","","59",""
"-123.43","48.65","VICTORIA INTL A","1018621","2019-12-19","2019","12","19","","10.1","","2.9","","6.5","","11.5","","0.0","","16.4","","0.0","","16.4","","","","13","","63",""
"-123.43","48.65","VICTORIA INTL A","1018621","2019-12-20","2019","12","20","","10.1","","5.8","","8.0","","10.0","","0.0","","25.8","","0.0","","25.8","","","","18","","37",""
"-123.43","48.65","VICTORIA INTL A","1018621","2019-12-21","2019","12","21","","7.6","","3.9","","5.8","","12.2","","0.0","","5.4","","0.0","","5.4","","","","","M","","M"
"-123.43","48.65","VICTORIA INTL A","1018621","2019-12-22","2019","12","22","","8.3","","2.4","","5.4","","12.6","","0.0","","0.0","","0.0","","0.0","","","","","M","","M"
"-123.43","48.65","VICTORIA INTL A","1018621","2019-12-23","2019","12","23","","5.4","","0.0","","2.7","","15.3","","0.0","","0.9","","0.0","","0.9","","","","","M","","M"
"-123.43","48.65","VICTORIA INTL A","1018621","2019-12-24","2019","12","24","","5.6","","2.1","","3.9","","14.1","","0.0","","1.0","","0.0","","1.0","","","","8","","32",""
"-123.43","48.65","VICTORIA INTL A","1018621","2019-12-25","2019","12","25","","6.1","","0.4","","3.3","","14.7","","0.0","","3.7","","0.0","","3.7","","","","9","","32",""
"-123.43","48.65","VICTORIA INTL A","1018621","2019-12-26","2019","12","26","","6.0","","0.3","","3.2","","14.8","","0.0","","0.6","","0.0","","0.6","","","","14","","35",""
"-123.43","48.65","VICTORIA INTL A","1018621","2019-12-27","2019","12","27","","5.8","","0.2","","3.0","","15.0","","0.0","","0.4","","0.0","","0.4","","","","","M","","M"
"-123.43","48.65","VICTORIA INTL A","1018621","2019-12-28","2019","12","28","","6.9","","4.2","","5.6","","12.4","","0.0","","1.0","","0.0","","1.0","","","","","M","","M"
"-123.43","48.65","VICTORIA INTL A","1018621","2019-12-29","2019","12","29","","8.9","","5.4","","7.2","","10.8","","0.0","","1.0","","0.0","","1.0","","","","","M","","M"
"-123.43","48.65","VICTORIA INTL A","1018621","2019-12-30","2019","12","30","","9.1","","5.5","","7.3","","10.7","","0.0","","0.5","","0.0","","0.5","","","","15","","32",""
"-123.43","48.65","VICTORIA INTL A","1018621","2019-12-31","2019","12","31","","13.1","","7.4","","10.3","","7.7","","0.0","","14.4","","0.0","","14.4","","","","21","","63",""
